INDICADOR,PAIS,ANO,VALOR,UNIDADE
Poverty gap ratio at USD 1 a day (PPP),Angola,2000,29.94,PERCENT
Poverty gap ratio at USD 1 a day (PPP),Angola,2008,16.45,PERCENT
Poverty gap ratio at USD 1 a day (PPP),Albania,1996,0.02,PERCENT
Poverty gap ratio at USD 1 a day (PPP),Albania,2002,0.12,PERCENT
Poverty gap ratio at USD 1 a day (PPP),Albania,2004,0.11,PERCENT
Poverty gap ratio at USD 1 a day (PPP),Albania,2005,0.08,PERCENT
Poverty gap ratio at USD 1 a day (PPP),Albania,2008,0.03,PERCENT
Poverty gap ratio at USD 1 a day (PPP),Albania,2012,0.1,PERCENT
Poverty gap ratio at USD 1 a day (PPP),Argentina,1991,0.64,PERCENT
Poverty gap ratio at USD 1 a day (PPP),Argentina,1992,1.12,PERCENT
Poverty gap ratio at USD 1 a day (PPP),Argentina,1993,1.17,PERCENT
Poverty gap ratio at USD 1 a day (PPP),Argentina,1994,1.4,PERCENT
Poverty gap ratio at USD 1 a day (PPP),Argentina,1995,2.22,PERCENT
Poverty gap ratio at USD 1 a day (PPP),Argentina,1996,2.76,PERCENT
Poverty gap ratio at USD 1 a day (PPP),Argentina,1997,2.22,PERCENT
Poverty gap ratio at USD 1 a day (PPP),Argentina,1998,2.1,PERCENT
Poverty gap ratio at USD 1 a day (PPP),Argentina,1999,2.39,PERCENT
Poverty gap ratio at USD 1 a day (PPP),Argentina,2000,2.73,PERCENT
Poverty gap ratio at USD 1 a day (PPP),Argentina,2001,4.57,PERCENT
Poverty gap ratio at USD 1 a day (PPP),Argentina,2002,4.95,PERCENT
Poverty gap ratio at USD 1 a day (PPP),Argentina,2003,4.46,PERCENT
Poverty gap ratio at USD 1 a day (PPP),Argentina,2004,2.87,PERCENT
Poverty gap ratio at USD 1 a day (PPP),Argentina,2005,2.04,PERCENT
Poverty gap ratio at USD 1 a day (PPP),Argentina,2006,1.74,PERCENT
Poverty gap ratio at USD 1 a day (PPP),Argentina,2007,1.64,PERCENT
Poverty gap ratio at USD 1 a day (PPP),Argentina,2008,1.31,PERCENT
Poverty gap ratio at USD 1 a day (PPP),Argentina,2009,1.38,PERCENT
Poverty gap ratio at USD 1 a day (PPP),Argentina,2010,0.89,PERCENT
Poverty gap ratio at USD 1 a day (PPP),Argentina,2011,0.78,PERCENT
Poverty gap ratio at USD 1 a day (PPP),Armenia,1996,4.68,PERCENT
Poverty gap ratio at USD 1 a day (PPP),Armenia,1998,3.78,PERCENT
Poverty gap ratio at USD 1 a day (PPP),Armenia,2001,4.29,PERCENT
Poverty gap ratio at USD 1 a day (PPP),Armenia,2002,3.11,PERCENT
Poverty gap ratio at USD 1 a day (PPP),Armenia,2003,1.93,PERCENT
Poverty gap ratio at USD 1 a day (PPP),Armenia,2004,1.74,PERCENT
Poverty gap ratio at USD 1 a day (PPP),Armenia,2005,0.87,PERCENT
Poverty gap ratio at USD 1 a day (PPP),Armenia,2006,0.54,PERCENT
Poverty gap ratio at USD 1 a day (PPP),Armenia,2007,0.64,PERCENT
Poverty gap ratio at USD 1 a day (PPP),Armenia,2008,0.31,PERCENT
Poverty gap ratio at USD 1 a day (PPP),Armenia,2009,0.25,PERCENT
Poverty gap ratio at USD 1 a day (PPP),Armenia,2010,0.38,PERCENT
Poverty gap ratio at USD 1 a day (PPP),Armenia,2011,0.4,PERCENT
Poverty gap ratio at USD 1 a day (PPP),Armenia,2012,0.31,PERCENT
Poverty gap ratio at USD 1 a day (PPP),Azerbaijan,1995,7.51,PERCENT
Poverty gap ratio at USD 1 a day (PPP),Azerbaijan,2001,1.1,PERCENT
Poverty gap ratio at USD 1 a day (PPP),Azerbaijan,2002,0.0,PERCENT
Poverty gap ratio at USD 1 a day (PPP),Azerbaijan,2003,0.0,PERCENT
Poverty gap ratio at USD 1 a day (PPP),Azerbaijan,2004,0.0,PERCENT
Poverty gap ratio at USD 1 a day (PPP),Azerbaijan,2005,0.0,PERCENT
Poverty gap ratio at USD 1 a day (PPP),Azerbaijan,2008,0.12,PERCENT
Poverty gap ratio at USD 1 a day (PPP),Burundi,1992,40.2,PERCENT
Poverty gap ratio at USD 1 a day (PPP),Burundi,1998,47.28,PERCENT
Poverty gap ratio at USD 1 a day (PPP),Burundi,2006,36.39,PERCENT
Poverty gap ratio at USD 1 a day (PPP),Benin,2003,15.73,PERCENT
Poverty gap ratio at USD 1 a day (PPP),Benin,2011,18.82,PERCENT
Poverty gap ratio at USD 1 a day (PPP),Burkina Faso,1994,34.72,PERCENT
Poverty gap ratio at USD 1 a day (PPP),Burkina Faso,1998,30.18,PERCENT
Poverty gap ratio at USD 1 a day (PPP),Burkina Faso,2003,18.25,PERCENT
Poverty gap ratio at USD 1 a day (PPP),Burkina Faso,2009,14.59,PERCENT
Poverty gap ratio at USD 1 a day (PPP),Bangladesh,1991,23.82,PERCENT
Poverty gap ratio at USD 1 a day (PPP),Bangladesh,1995,19.93,PERCENT
Poverty gap ratio at USD 1 a day (PPP),Bangladesh,2000,18.61,PERCENT
Poverty gap ratio at USD 1 a day (PPP),Bangladesh,2005,14.17,PERCENT
Poverty gap ratio at USD 1 a day (PPP),Bangladesh,2010,11.17,PERCENT
Poverty gap ratio at USD 1 a day (PPP),Bulgaria,1992,0.0,PERCENT
Poverty gap ratio at USD 1 a day (PPP),Bulgaria,1994,0.22,PERCENT
Poverty gap ratio at USD 1 a day (PPP),Bulgaria,1995,0.2,PERCENT
Poverty gap ratio at USD 1 a day (PPP),Bulgaria,1997,0.11,PERCENT
Poverty gap ratio at USD 1 a day (PPP),Bulgaria,2001,0.47,PERCENT
Poverty gap ratio at USD 1 a day (PPP),Bulgaria,2003,0.09,PERCENT
Poverty gap ratio at USD 1 a day (PPP),Bulgaria,2007,0.09,PERCENT
Poverty gap ratio at USD 1 a day (PPP),Bulgaria,2008,0.32,PERCENT
Poverty gap ratio at USD 1 a day (PPP),Bulgaria,2010,0.55,PERCENT
Poverty gap ratio at USD 1 a day (PPP),Bulgaria,2011,0.81,PERCENT
Poverty gap ratio at USD 1 a day (PPP),Bosnia and Herzegovina,2001,0.09,PERCENT
Poverty gap ratio at USD 1 a day (PPP),Bosnia and Herzegovina,2004,0.03,PERCENT
Poverty gap ratio at USD 1 a day (PPP),Bosnia and Herzegovina,2007,0.01,PERCENT
Poverty gap ratio at USD 1 a day (PPP),Belarus,1993,0.0,PERCENT
Poverty gap ratio at USD 1 a day (PPP),Belarus,1995,0.28,PERCENT
Poverty gap ratio at USD 1 a day (PPP),Belarus,1998,0.13,PERCENT
Poverty gap ratio at USD 1 a day (PPP),Belarus,1999,0.08,PERCENT
Poverty gap ratio at USD 1 a day (PPP),Belarus,2000,0.08,PERCENT
Poverty gap ratio at USD 1 a day (PPP),Belarus,2001,0.03,PERCENT
Poverty gap ratio at USD 1 a day (PPP),Belarus,2002,0.1,PERCENT
Poverty gap ratio at USD 1 a day (PPP),Belarus,2003,0.1,PERCENT
Poverty gap ratio at USD 1 a day (PPP),Belarus,2004,0.01,PERCENT
Poverty gap ratio at USD 1 a day (PPP),Belarus,2005,0.0,PERCENT
Poverty gap ratio at USD 1 a day (PPP),Belarus,2006,0.02,PERCENT
Poverty gap ratio at USD 1 a day (PPP),Belarus,2007,0.0,PERCENT
Poverty gap ratio at USD 1 a day (PPP),Belarus,2008,0.0,PERCENT
Poverty gap ratio at USD 1 a day (PPP),Belarus,2009,0.0,PERCENT
Poverty gap ratio at USD 1 a day (PPP),Belarus,2010,0.0,PERCENT
Poverty gap ratio at USD 1 a day (PPP),Belarus,2011,0.0,PERCENT
Poverty gap ratio at USD 1 a day (PPP),Belize,1993,4.86,PERCENT
Poverty gap ratio at USD 1 a day (PPP),Belize,1994,5.18,PERCENT
Poverty gap ratio at USD 1 a day (PPP),Belize,1995,5.39,PERCENT
Poverty gap ratio at USD 1 a day (PPP),Belize,1996,4.61,PERCENT
Poverty gap ratio at USD 1 a day (PPP),Belize,1997,6.89,PERCENT
Poverty gap ratio at USD 1 a day (PPP),Belize,1998,4.8,PERCENT
Poverty gap ratio at USD 1 a day (PPP),Belize,1999,5.52,PERCENT
Poverty gap ratio at USD 1 a day (PPP),Bolivia (Plurinational State of),1990,0.67,PERCENT
Poverty gap ratio at USD 1 a day (PPP),Bolivia (Plurinational State of),1993,3.46,PERCENT
Poverty gap ratio at USD 1 a day (PPP),Bolivia (Plurinational State of),1997,8.88,PERCENT
Poverty gap ratio at USD 1 a day (PPP),Bolivia (Plurinational State of),1999,14.08,PERCENT
Poverty gap ratio at USD 1 a day (PPP),Bolivia (Plurinational State of),2000,17.76,PERCENT
Poverty gap ratio at USD 1 a day (PPP),Bolivia (Plurinational State of),2001,12.06,PERCENT
Poverty gap ratio at USD 1 a day (PPP),Bolivia (Plurinational State of),2002,12.83,PERCENT
Poverty gap ratio at USD 1 a day (PPP),Bolivia (Plurinational State of),2004,5.07,PERCENT
Poverty gap ratio at USD 1 a day (PPP),Bolivia (Plurinational State of),2005,9.78,PERCENT
Poverty gap ratio at USD 1 a day (PPP),Bolivia (Plurinational State of),2006,8.2,PERCENT
Poverty gap ratio at USD 1 a day (PPP),Bolivia (Plurinational State of),2007,6.26,PERCENT
Poverty gap ratio at USD 1 a day (PPP),Bolivia (Plurinational State of),2008,5.28,PERCENT
Poverty gap ratio at USD 1 a day (PPP),Bolivia (Plurinational State of),2009,5.56,PERCENT
Poverty gap ratio at USD 1 a day (PPP),Bolivia (Plurinational State of),2011,3.12,PERCENT
Poverty gap ratio at USD 1 a day (PPP),Bolivia (Plurinational State of),2012,4.2,PERCENT
Poverty gap ratio at USD 1 a day (PPP),Brazil,1990,6.23,PERCENT
Poverty gap ratio at USD 1 a day (PPP),Brazil,1992,7.19,PERCENT
Poverty gap ratio at USD 1 a day (PPP),Brazil,1993,6.71,PERCENT
Poverty gap ratio at USD 1 a day (PPP),Brazil,1995,4.1,PERCENT
Poverty gap ratio at USD 1 a day (PPP),Brazil,1996,4.86,PERCENT
Poverty gap ratio at USD 1 a day (PPP),Brazil,1997,4.71,PERCENT
Poverty gap ratio at USD 1 a day (PPP),Brazil,1998,4.02,PERCENT
Poverty gap ratio at USD 1 a day (PPP),Brazil,1999,4.14,PERCENT
Poverty gap ratio at USD 1 a day (PPP),Brazil,2001,4.6,PERCENT
Poverty gap ratio at USD 1 a day (PPP),Brazil,2002,3.76,PERCENT
Poverty gap ratio at USD 1 a day (PPP),Brazil,2003,4.18,PERCENT
Poverty gap ratio at USD 1 a day (PPP),Brazil,2004,3.48,PERCENT
Poverty gap ratio at USD 1 a day (PPP),Brazil,2005,3.0,PERCENT
Poverty gap ratio at USD 1 a day (PPP),Brazil,2006,2.61,PERCENT
Poverty gap ratio at USD 1 a day (PPP),Brazil,2007,2.98,PERCENT
Poverty gap ratio at USD 1 a day (PPP),Brazil,2008,2.41,PERCENT
Poverty gap ratio at USD 1 a day (PPP),Brazil,2009,2.4,PERCENT
Poverty gap ratio at USD 1 a day (PPP),Brazil,2011,2.51,PERCENT
Poverty gap ratio at USD 1 a day (PPP),Brazil,2012,2.14,PERCENT
Poverty gap ratio at USD 1 a day (PPP),Bhutan,2003,6.05,PERCENT
Poverty gap ratio at USD 1 a day (PPP),Bhutan,2007,1.81,PERCENT
Poverty gap ratio at USD 1 a day (PPP),Bhutan,2012,0.37,PERCENT
Poverty gap ratio at USD 1 a day (PPP),Botswana,1994,11.04,PERCENT
Poverty gap ratio at USD 1 a day (PPP),Botswana,2003,8.54,PERCENT
Poverty gap ratio at USD 1 a day (PPP),Botswana,2009,3.95,PERCENT
Poverty gap ratio at USD 1 a day (PPP),Central African Republic,1992,57.41,PERCENT
Poverty gap ratio at USD 1 a day (PPP),Central African Republic,2003,28.3,PERCENT
Poverty gap ratio at USD 1 a day (PPP),Central African Republic,2008,31.26,PERCENT
Poverty gap ratio at USD 1 a day (PPP),Chile,1990,1.88,PERCENT
Poverty gap ratio at USD 1 a day (PPP),Chile,1992,1.04,PERCENT
Poverty gap ratio at USD 1 a day (PPP),Chile,1994,1.36,PERCENT
Poverty gap ratio at USD 1 a day (PPP),Chile,1996,0.87,PERCENT
Poverty gap ratio at USD 1 a day (PPP),Chile,1998,0.96,PERCENT
Poverty gap ratio at USD 1 a day (PPP),Chile,2000,0.85,PERCENT
Poverty gap ratio at USD 1 a day (PPP),Chile,2003,0.75,PERCENT
Poverty gap ratio at USD 1 a day (PPP),Chile,2006,0.46,PERCENT
Poverty gap ratio at USD 1 a day (PPP),Chile,2009,0.66,PERCENT
Poverty gap ratio at USD 1 a day (PPP),Chile,2011,0.38,PERCENT
Poverty gap ratio at USD 1 a day (PPP),China,1990,20.96,PERCENT
Poverty gap ratio at USD 1 a day (PPP),China,1993,18.08,PERCENT
Poverty gap ratio at USD 1 a day (PPP),China,1996,11.07,PERCENT
Poverty gap ratio at USD 1 a day (PPP),China,1999,11.21,PERCENT
Poverty gap ratio at USD 1 a day (PPP),China,2002,8.57,PERCENT
Poverty gap ratio at USD 1 a day (PPP),China,2005,3.91,PERCENT
Poverty gap ratio at USD 1 a day (PPP),China,2008,3.07,PERCENT
Poverty gap ratio at USD 1 a day (PPP),China,2010,2.03,PERCENT
Poverty gap ratio at USD 1 a day (PPP),China,2011,1.32,PERCENT
Poverty gap ratio at USD 1 a day (PPP),Côte d'Ivoire,1993,8.16,PERCENT
Poverty gap ratio at USD 1 a day (PPP),Côte d'Ivoire,1995,4.81,PERCENT
Poverty gap ratio at USD 1 a day (PPP),Côte d'Ivoire,1998,8.92,PERCENT
Poverty gap ratio at USD 1 a day (PPP),Côte d'Ivoire,2002,9.11,PERCENT
Poverty gap ratio at USD 1 a day (PPP),Côte d'Ivoire,2008,12.68,PERCENT
Poverty gap ratio at USD 1 a day (PPP),Cameroon,1996,15.86,PERCENT
Poverty gap ratio at USD 1 a day (PPP),Cameroon,2001,6.69,PERCENT
Poverty gap ratio at USD 1 a day (PPP),Cameroon,2007,7.24,PERCENT
Poverty gap ratio at USD 1 a day (PPP),Democratic Republic of the Congo,2005,52.76,PERCENT
Poverty gap ratio at USD 1 a day (PPP),Congo,2005,22.82,PERCENT
Poverty gap ratio at USD 1 a day (PPP),Congo,2011,11.47,PERCENT
Poverty gap ratio at USD 1 a day (PPP),Colombia,1991,2.56,PERCENT
Poverty gap ratio at USD 1 a day (PPP),Colombia,1992,4.01,PERCENT
Poverty gap ratio at USD 1 a day (PPP),Colombia,1996,7.62,PERCENT
Poverty gap ratio at USD 1 a day (PPP),Colombia,1999,9.47,PERCENT
Poverty gap ratio at USD 1 a day (PPP),Colombia,2000,11.46,PERCENT
Poverty gap ratio at USD 1 a day (PPP),Colombia,2001,9.14,PERCENT
Poverty gap ratio at USD 1 a day (PPP),Colombia,2002,4.25,PERCENT
Poverty gap ratio at USD 1 a day (PPP),Colombia,2003,3.96,PERCENT
Poverty gap ratio at USD 1 a day (PPP),Colombia,2004,3.19,PERCENT
Poverty gap ratio at USD 1 a day (PPP),Colombia,2005,2.87,PERCENT
Poverty gap ratio at USD 1 a day (PPP),Colombia,2006,5.41,PERCENT
Poverty gap ratio at USD 1 a day (PPP),Colombia,2007,4.03,PERCENT
Poverty gap ratio at USD 1 a day (PPP),Colombia,2008,3.64,PERCENT
Poverty gap ratio at USD 1 a day (PPP),Colombia,2009,3.07,PERCENT
Poverty gap ratio at USD 1 a day (PPP),Colombia,2010,2.32,PERCENT
Poverty gap ratio at USD 1 a day (PPP),Colombia,2011,2.02,PERCENT
Poverty gap ratio at USD 1 a day (PPP),Colombia,2012,2.33,PERCENT
Poverty gap ratio at USD 1 a day (PPP),Comoros,2004,20.82,PERCENT
Poverty gap ratio at USD 1 a day (PPP),Cape Verde,2002,6.05,PERCENT
Poverty gap ratio at USD 1 a day (PPP),Cape Verde,2007,3.18,PERCENT
Poverty gap ratio at USD 1 a day (PPP),Costa Rica,1990,4.78,PERCENT
Poverty gap ratio at USD 1 a day (PPP),Costa Rica,1991,5.02,PERCENT
Poverty gap ratio at USD 1 a day (PPP),Costa Rica,1992,4.28,PERCENT
Poverty gap ratio at USD 1 a day (PPP),Costa Rica,1993,4.15,PERCENT
Poverty gap ratio at USD 1 a day (PPP),Costa Rica,1994,3.17,PERCENT
Poverty gap ratio at USD 1 a day (PPP),Costa Rica,1995,3.36,PERCENT
Poverty gap ratio at USD 1 a day (PPP),Costa Rica,1996,3.78,PERCENT
Poverty gap ratio at USD 1 a day (PPP),Costa Rica,1997,2.7,PERCENT
Poverty gap ratio at USD 1 a day (PPP),Costa Rica,1998,2.09,PERCENT
Poverty gap ratio at USD 1 a day (PPP),Costa Rica,1999,2.6,PERCENT
Poverty gap ratio at USD 1 a day (PPP),Costa Rica,2000,2.83,PERCENT
Poverty gap ratio at USD 1 a day (PPP),Costa Rica,2001,3.26,PERCENT
Poverty gap ratio at USD 1 a day (PPP),Costa Rica,2002,3.11,PERCENT
Poverty gap ratio at USD 1 a day (PPP),Costa Rica,2003,2.9,PERCENT
Poverty gap ratio at USD 1 a day (PPP),Costa Rica,2004,2.62,PERCENT
Poverty gap ratio at USD 1 a day (PPP),Costa Rica,2005,1.76,PERCENT
Poverty gap ratio at USD 1 a day (PPP),Costa Rica,2006,1.84,PERCENT
Poverty gap ratio at USD 1 a day (PPP),Costa Rica,2007,1.08,PERCENT
Poverty gap ratio at USD 1 a day (PPP),Costa Rica,2008,1.42,PERCENT
Poverty gap ratio at USD 1 a day (PPP),Costa Rica,2009,1.73,PERCENT
Poverty gap ratio at USD 1 a day (PPP),Costa Rica,2010,0.64,PERCENT
Poverty gap ratio at USD 1 a day (PPP),Costa Rica,2011,0.56,PERCENT
Poverty gap ratio at USD 1 a day (PPP),Costa Rica,2012,0.58,PERCENT
Poverty gap ratio at USD 1 a day (PPP),Czech Republic,1993,0.0,PERCENT
Poverty gap ratio at USD 1 a day (PPP),Czech Republic,1996,0.13,PERCENT
Poverty gap ratio at USD 1 a day (PPP),Czech Republic,2005,0.0,PERCENT
Poverty gap ratio at USD 1 a day (PPP),Czech Republic,2006,0.02,PERCENT
Poverty gap ratio at USD 1 a day (PPP),Czech Republic,2008,0.04,PERCENT
Poverty gap ratio at USD 1 a day (PPP),Czech Republic,2009,0.09,PERCENT
Poverty gap ratio at USD 1 a day (PPP),Czech Republic,2010,0.01,PERCENT
Poverty gap ratio at USD 1 a day (PPP),Czech Republic,2011,0.06,PERCENT
Poverty gap ratio at USD 1 a day (PPP),Djibouti,2002,5.29,PERCENT
Poverty gap ratio at USD 1 a day (PPP),Dominican Republic,1992,1.34,PERCENT
Poverty gap ratio at USD 1 a day (PPP),Dominican Republic,1996,1.72,PERCENT
Poverty gap ratio at USD 1 a day (PPP),Dominican Republic,1997,1.89,PERCENT
Poverty gap ratio at USD 1 a day (PPP),Dominican Republic,2000,1.69,PERCENT
Poverty gap ratio at USD 1 a day (PPP),Dominican Republic,2001,1.01,PERCENT
Poverty gap ratio at USD 1 a day (PPP),Dominican Republic,2002,1.78,PERCENT
Poverty gap ratio at USD 1 a day (PPP),Dominican Republic,2003,2.08,PERCENT
Poverty gap ratio at USD 1 a day (PPP),Dominican Republic,2004,2.46,PERCENT
Poverty gap ratio at USD 1 a day (PPP),Dominican Republic,2005,1.56,PERCENT
Poverty gap ratio at USD 1 a day (PPP),Dominican Republic,2006,1.15,PERCENT
Poverty gap ratio at USD 1 a day (PPP),Dominican Republic,2007,1.03,PERCENT
Poverty gap ratio at USD 1 a day (PPP),Dominican Republic,2008,0.85,PERCENT
Poverty gap ratio at USD 1 a day (PPP),Dominican Republic,2009,0.74,PERCENT
Poverty gap ratio at USD 1 a day (PPP),Dominican Republic,2010,0.52,PERCENT
Poverty gap ratio at USD 1 a day (PPP),Dominican Republic,2011,0.63,PERCENT
Poverty gap ratio at USD 1 a day (PPP),Dominican Republic,2012,0.6,PERCENT
Poverty gap ratio at USD 1 a day (PPP),Algeria,1995,1.27,PERCENT
Poverty gap ratio at USD 1 a day (PPP),Ecuador,1994,7.29,PERCENT
Poverty gap ratio at USD 1 a day (PPP),Ecuador,1995,5.17,PERCENT
Poverty gap ratio at USD 1 a day (PPP),Ecuador,1998,4.17,PERCENT
Poverty gap ratio at USD 1 a day (PPP),Ecuador,1999,7.31,PERCENT
Poverty gap ratio at USD 1 a day (PPP),Ecuador,2000,8.18,PERCENT
Poverty gap ratio at USD 1 a day (PPP),Ecuador,2003,5.33,PERCENT
Poverty gap ratio at USD 1 a day (PPP),Ecuador,2004,4.52,PERCENT
Poverty gap ratio at USD 1 a day (PPP),Ecuador,2005,4.15,PERCENT
Poverty gap ratio at USD 1 a day (PPP),Ecuador,2006,2.52,PERCENT
Poverty gap ratio at USD 1 a day (PPP),Ecuador,2007,3.12,PERCENT
Poverty gap ratio at USD 1 a day (PPP),Ecuador,2008,2.97,PERCENT
Poverty gap ratio at USD 1 a day (PPP),Ecuador,2009,2.7,PERCENT
Poverty gap ratio at USD 1 a day (PPP),Ecuador,2010,2.07,PERCENT
Poverty gap ratio at USD 1 a day (PPP),Ecuador,2011,1.94,PERCENT
Poverty gap ratio at USD 1 a day (PPP),Ecuador,2012,1.8,PERCENT
Poverty gap ratio at USD 1 a day (PPP),Egypt,1990,0.6,PERCENT
Poverty gap ratio at USD 1 a day (PPP),Egypt,1996,0.34,PERCENT
Poverty gap ratio at USD 1 a day (PPP),Egypt,2000,0.32,PERCENT
Poverty gap ratio at USD 1 a day (PPP),Egypt,2004,0.43,PERCENT
Poverty gap ratio at USD 1 a day (PPP),Egypt,2008,0.37,PERCENT
Poverty gap ratio at USD 1 a day (PPP),Estonia,1993,0.36,PERCENT
Poverty gap ratio at USD 1 a day (PPP),Estonia,1995,0.07,PERCENT
Poverty gap ratio at USD 1 a day (PPP),Estonia,1998,0.01,PERCENT
Poverty gap ratio at USD 1 a day (PPP),Estonia,2000,0.12,PERCENT
Poverty gap ratio at USD 1 a day (PPP),Estonia,2001,0.16,PERCENT
Poverty gap ratio at USD 1 a day (PPP),Estonia,2002,0.16,PERCENT
Poverty gap ratio at USD 1 a day (PPP),Estonia,2003,0.08,PERCENT
Poverty gap ratio at USD 1 a day (PPP),Estonia,2005,0.93,PERCENT
Poverty gap ratio at USD 1 a day (PPP),Estonia,2006,0.59,PERCENT
Poverty gap ratio at USD 1 a day (PPP),Estonia,2007,0.37,PERCENT
Poverty gap ratio at USD 1 a day (PPP),Estonia,2008,0.41,PERCENT
Poverty gap ratio at USD 1 a day (PPP),Estonia,2009,0.65,PERCENT
Poverty gap ratio at USD 1 a day (PPP),Estonia,2010,1.02,PERCENT
Poverty gap ratio at USD 1 a day (PPP),Estonia,2011,1.18,PERCENT
Poverty gap ratio at USD 1 a day (PPP),Ethiopia,1995,22.88,PERCENT
Poverty gap ratio at USD 1 a day (PPP),Ethiopia,1999,15.74,PERCENT
Poverty gap ratio at USD 1 a day (PPP),Ethiopia,2005,9.6,PERCENT
Poverty gap ratio at USD 1 a day (PPP),Ethiopia,2010,10.39,PERCENT
Poverty gap ratio at USD 1 a day (PPP),Fiji,2002,11.29,PERCENT
Poverty gap ratio at USD 1 a day (PPP),Fiji,2008,1.14,PERCENT
Poverty gap ratio at USD 1 a day (PPP),Micronesia (Federated States of),2000,16.32,PERCENT
Poverty gap ratio at USD 1 a day (PPP),Gabon,2005,1.25,PERCENT
Poverty gap ratio at USD 1 a day (PPP),Georgia,1996,0.83,PERCENT
Poverty gap ratio at USD 1 a day (PPP),Georgia,1997,6.02,PERCENT
Poverty gap ratio at USD 1 a day (PPP),Georgia,1998,4.99,PERCENT
Poverty gap ratio at USD 1 a day (PPP),Georgia,1999,5.86,PERCENT
Poverty gap ratio at USD 1 a day (PPP),Georgia,2000,6.42,PERCENT
Poverty gap ratio at USD 1 a day (PPP),Georgia,2001,6.0,PERCENT
Poverty gap ratio at USD 1 a day (PPP),Georgia,2002,4.62,PERCENT
Poverty gap ratio at USD 1 a day (PPP),Georgia,2003,5.2,PERCENT
Poverty gap ratio at USD 1 a day (PPP),Georgia,2004,5.14,PERCENT
Poverty gap ratio at USD 1 a day (PPP),Georgia,2005,4.86,PERCENT
Poverty gap ratio at USD 1 a day (PPP),Georgia,2006,4.52,PERCENT
Poverty gap ratio at USD 1 a day (PPP),Georgia,2007,4.68,PERCENT
Poverty gap ratio at USD 1 a day (PPP),Georgia,2008,4.45,PERCENT
Poverty gap ratio at USD 1 a day (PPP),Georgia,2009,4.66,PERCENT
Poverty gap ratio at USD 1 a day (PPP),Georgia,2010,5.76,PERCENT
Poverty gap ratio at USD 1 a day (PPP),Georgia,2011,5.61,PERCENT
Poverty gap ratio at USD 1 a day (PPP),Georgia,2012,4.53,PERCENT
Poverty gap ratio at USD 1 a day (PPP),Ghana,1991,18.34,PERCENT
Poverty gap ratio at USD 1 a day (PPP),Ghana,1998,14.35,PERCENT
Poverty gap ratio at USD 1 a day (PPP),Ghana,2005,9.88,PERCENT
Poverty gap ratio at USD 1 a day (PPP),Guinea,1991,65.36,PERCENT
Poverty gap ratio at USD 1 a day (PPP),Guinea,1994,29.67,PERCENT
Poverty gap ratio at USD 1 a day (PPP),Guinea,2003,21.28,PERCENT
Poverty gap ratio at USD 1 a day (PPP),Guinea,2007,13.01,PERCENT
Poverty gap ratio at USD 1 a day (PPP),Guinea,2012,12.7,PERCENT
Poverty gap ratio at USD 1 a day (PPP),Gambia,1998,33.81,PERCENT
Poverty gap ratio at USD 1 a day (PPP),Gambia,2003,11.69,PERCENT
Poverty gap ratio at USD 1 a day (PPP),Guinea-Bissau,1991,21.7,PERCENT
Poverty gap ratio at USD 1 a day (PPP),Guinea-Bissau,1993,28.99,PERCENT
Poverty gap ratio at USD 1 a day (PPP),Guinea-Bissau,2002,16.55,PERCENT
Poverty gap ratio at USD 1 a day (PPP),Guatemala,1998,5.37,PERCENT
Poverty gap ratio at USD 1 a day (PPP),Guatemala,2000,4.54,PERCENT
Poverty gap ratio at USD 1 a day (PPP),Guatemala,2002,10.05,PERCENT
Poverty gap ratio at USD 1 a day (PPP),Guatemala,2003,7.41,PERCENT
Poverty gap ratio at USD 1 a day (PPP),Guatemala,2004,6.56,PERCENT
Poverty gap ratio at USD 1 a day (PPP),Guatemala,2006,4.7,PERCENT
Poverty gap ratio at USD 1 a day (PPP),Guatemala,2011,4.78,PERCENT
Poverty gap ratio at USD 1 a day (PPP),Guyana,1992,1.53,PERCENT
Poverty gap ratio at USD 1 a day (PPP),Guyana,1998,2.77,PERCENT
Poverty gap ratio at USD 1 a day (PPP),Honduras,1990,22.4,PERCENT
Poverty gap ratio at USD 1 a day (PPP),Honduras,1991,13.08,PERCENT
Poverty gap ratio at USD 1 a day (PPP),Honduras,1992,9.61,PERCENT
Poverty gap ratio at USD 1 a day (PPP),Honduras,1993,7.88,PERCENT
Poverty gap ratio at USD 1 a day (PPP),Honduras,1994,9.62,PERCENT
Poverty gap ratio at USD 1 a day (PPP),Honduras,1995,10.01,PERCENT
Poverty gap ratio at USD 1 a day (PPP),Honduras,1996,12.23,PERCENT
Poverty gap ratio at USD 1 a day (PPP),Honduras,1997,6.9,PERCENT
Poverty gap ratio at USD 1 a day (PPP),Honduras,1998,12.25,PERCENT
Poverty gap ratio at USD 1 a day (PPP),Honduras,1999,12.06,PERCENT
Poverty gap ratio at USD 1 a day (PPP),Honduras,2001,7.43,PERCENT
Poverty gap ratio at USD 1 a day (PPP),Honduras,2002,14.22,PERCENT
Poverty gap ratio at USD 1 a day (PPP),Honduras,2003,11.64,PERCENT
Poverty gap ratio at USD 1 a day (PPP),Honduras,2004,10.95,PERCENT
Poverty gap ratio at USD 1 a day (PPP),Honduras,2005,13.02,PERCENT
Poverty gap ratio at USD 1 a day (PPP),Honduras,2006,10.58,PERCENT
Poverty gap ratio at USD 1 a day (PPP),Honduras,2007,6.24,PERCENT
Poverty gap ratio at USD 1 a day (PPP),Honduras,2008,5.67,PERCENT
Poverty gap ratio at USD 1 a day (PPP),Honduras,2009,4.24,PERCENT
Poverty gap ratio at USD 1 a day (PPP),Honduras,2010,4.77,PERCENT
Poverty gap ratio at USD 1 a day (PPP),Honduras,2011,7.21,PERCENT
Poverty gap ratio at USD 1 a day (PPP),Croatia,1998,0.0,PERCENT
Poverty gap ratio at USD 1 a day (PPP),Croatia,1999,0.19,PERCENT
Poverty gap ratio at USD 1 a day (PPP),Croatia,2000,0.06,PERCENT
Poverty gap ratio at USD 1 a day (PPP),Croatia,2001,0.04,PERCENT
Poverty gap ratio at USD 1 a day (PPP),Croatia,2004,0.0,PERCENT
Poverty gap ratio at USD 1 a day (PPP),Croatia,2008,0.0,PERCENT
Poverty gap ratio at USD 1 a day (PPP),Haiti,2001,32.31,PERCENT
Poverty gap ratio at USD 1 a day (PPP),Hungary,1993,0.15,PERCENT
Poverty gap ratio at USD 1 a day (PPP),Hungary,1998,0.0,PERCENT
Poverty gap ratio at USD 1 a day (PPP),Hungary,1999,0.01,PERCENT
Poverty gap ratio at USD 1 a day (PPP),Hungary,2000,0.0,PERCENT
Poverty gap ratio at USD 1 a day (PPP),Hungary,2001,0.0,PERCENT
Poverty gap ratio at USD 1 a day (PPP),Hungary,2002,0.0,PERCENT
Poverty gap ratio at USD 1 a day (PPP),Hungary,2003,0.0,PERCENT
Poverty gap ratio at USD 1 a day (PPP),Hungary,2005,0.0,PERCENT
Poverty gap ratio at USD 1 a day (PPP),Hungary,2006,0.08,PERCENT
Poverty gap ratio at USD 1 a day (PPP),Hungary,2008,0.03,PERCENT
Poverty gap ratio at USD 1 a day (PPP),Hungary,2010,0.08,PERCENT
Poverty gap ratio at USD 1 a day (PPP),Hungary,2011,0.05,PERCENT
Poverty gap ratio at USD 1 a day (PPP),Indonesia,1990,15.62,PERCENT
Poverty gap ratio at USD 1 a day (PPP),Indonesia,1993,15.68,PERCENT
Poverty gap ratio at USD 1 a day (PPP),Indonesia,1996,11.44,PERCENT
Poverty gap ratio at USD 1 a day (PPP),Indonesia,1999,12.52,PERCENT
Poverty gap ratio at USD 1 a day (PPP),Indonesia,2002,6.04,PERCENT
Poverty gap ratio at USD 1 a day (PPP),Indonesia,2005,4.59,PERCENT
Poverty gap ratio at USD 1 a day (PPP),Indonesia,2008,4.73,PERCENT
Poverty gap ratio at USD 1 a day (PPP),Indonesia,2010,3.28,PERCENT
Poverty gap ratio at USD 1 a day (PPP),Indonesia,2011,2.68,PERCENT
Poverty gap ratio at USD 1 a day (PPP),India,1993,13.56,PERCENT
Poverty gap ratio at USD 1 a day (PPP),India,2004,10.51,PERCENT
Poverty gap ratio at USD 1 a day (PPP),India,2009,7.49,PERCENT
Poverty gap ratio at USD 1 a day (PPP),India,2011,4.83755380130368,PERCENT
Poverty gap ratio at USD 1 a day (PPP),Iran (Islamic Republic of),1990,0.97,PERCENT
Poverty gap ratio at USD 1 a day (PPP),Iran (Islamic Republic of),1994,0.28,PERCENT
Poverty gap ratio at USD 1 a day (PPP),Iran (Islamic Republic of),1998,0.19,PERCENT
Poverty gap ratio at USD 1 a day (PPP),Iran (Islamic Republic of),2005,0.34,PERCENT
Poverty gap ratio at USD 1 a day (PPP),Iraq,2007,0.56,PERCENT
Poverty gap ratio at USD 1 a day (PPP),Iraq,2012,0.64,PERCENT
Poverty gap ratio at USD 1 a day (PPP),Jamaica,1990,0.1,PERCENT
Poverty gap ratio at USD 1 a day (PPP),Jamaica,1993,1.06,PERCENT
Poverty gap ratio at USD 1 a day (PPP),Jamaica,1996,0.49,PERCENT
Poverty gap ratio at USD 1 a day (PPP),Jamaica,1999,0.36,PERCENT
Poverty gap ratio at USD 1 a day (PPP),Jamaica,2001,30.58,PERCENT
Poverty gap ratio at USD 1 a day (PPP),Jamaica,2002,0.02,PERCENT
Poverty gap ratio at USD 1 a day (PPP),Jamaica,2004,0.02,PERCENT
Poverty gap ratio at USD 1 a day (PPP),Jordan,1992,0.49,PERCENT
Poverty gap ratio at USD 1 a day (PPP),Jordan,1997,0.31,PERCENT
Poverty gap ratio at USD 1 a day (PPP),Jordan,2002,0.16,PERCENT
Poverty gap ratio at USD 1 a day (PPP),Jordan,2006,0.06,PERCENT
Poverty gap ratio at USD 1 a day (PPP),Jordan,2008,0.01,PERCENT
Poverty gap ratio at USD 1 a day (PPP),Jordan,2010,0.02,PERCENT
Poverty gap ratio at USD 1 a day (PPP),Kazakhstan,1993,0.47,PERCENT
Poverty gap ratio at USD 1 a day (PPP),Kazakhstan,1996,0.92,PERCENT
Poverty gap ratio at USD 1 a day (PPP),Kazakhstan,2001,1.28,PERCENT
Poverty gap ratio at USD 1 a day (PPP),Kazakhstan,2002,0.68,PERCENT
Poverty gap ratio at USD 1 a day (PPP),Kazakhstan,2003,0.44,PERCENT
Poverty gap ratio at USD 1 a day (PPP),Kazakhstan,2004,0.27,PERCENT
Poverty gap ratio at USD 1 a day (PPP),Kazakhstan,2005,0.0,PERCENT
Poverty gap ratio at USD 1 a day (PPP),Kazakhstan,2006,0.06,PERCENT
Poverty gap ratio at USD 1 a day (PPP),Kazakhstan,2007,0.02,PERCENT
Poverty gap ratio at USD 1 a day (PPP),Kazakhstan,2008,0.0,PERCENT
Poverty gap ratio at USD 1 a day (PPP),Kazakhstan,2010,0.01,PERCENT
Poverty gap ratio at USD 1 a day (PPP),Kenya,1992,15.35,PERCENT
Poverty gap ratio at USD 1 a day (PPP),Kenya,1994,9.35,PERCENT
Poverty gap ratio at USD 1 a day (PPP),Kenya,1997,9.84,PERCENT
Poverty gap ratio at USD 1 a day (PPP),Kenya,2005,16.91,PERCENT
Poverty gap ratio at USD 1 a day (PPP),Kyrgyzstan,1993,8.64,PERCENT
Poverty gap ratio at USD 1 a day (PPP),Kyrgyzstan,1998,8.98,PERCENT
Poverty gap ratio at USD 1 a day (PPP),Kyrgyzstan,2000,9.64,PERCENT
Poverty gap ratio at USD 1 a day (PPP),Kyrgyzstan,2001,7.8,PERCENT
Poverty gap ratio at USD 1 a day (PPP),Kyrgyzstan,2002,7.3,PERCENT
Poverty gap ratio at USD 1 a day (PPP),Kyrgyzstan,2003,5.07,PERCENT
Poverty gap ratio at USD 1 a day (PPP),Kyrgyzstan,2004,2.27,PERCENT
Poverty gap ratio at USD 1 a day (PPP),Kyrgyzstan,2005,5.9,PERCENT
Poverty gap ratio at USD 1 a day (PPP),Kyrgyzstan,2006,3.4,PERCENT
Poverty gap ratio at USD 1 a day (PPP),Kyrgyzstan,2007,0.08,PERCENT
Poverty gap ratio at USD 1 a day (PPP),Kyrgyzstan,2008,1.39,PERCENT
Poverty gap ratio at USD 1 a day (PPP),Kyrgyzstan,2009,1.46,PERCENT
Poverty gap ratio at USD 1 a day (PPP),Kyrgyzstan,2010,1.4,PERCENT
Poverty gap ratio at USD 1 a day (PPP),Kyrgyzstan,2011,1.18,PERCENT
Poverty gap ratio at USD 1 a day (PPP),Cambodia,1994,11.95,PERCENT
Poverty gap ratio at USD 1 a day (PPP),Cambodia,2004,7.79,PERCENT
Poverty gap ratio at USD 1 a day (PPP),Cambodia,2007,7.24,PERCENT
Poverty gap ratio at USD 1 a day (PPP),Cambodia,2008,4.39,PERCENT
Poverty gap ratio at USD 1 a day (PPP),Cambodia,2009,2.08,PERCENT
Poverty gap ratio at USD 1 a day (PPP),Cambodia,2010,1.7,PERCENT
Poverty gap ratio at USD 1 a day (PPP),Cambodia,2011,1.43,PERCENT
Poverty gap ratio at USD 1 a day (PPP),Lao People's Democratic Republic,1992,16.24,PERCENT
Poverty gap ratio at USD 1 a day (PPP),Lao People's Democratic Republic,1997,14.03,PERCENT
Poverty gap ratio at USD 1 a day (PPP),Lao People's Democratic Republic,2002,10.93,PERCENT
Poverty gap ratio at USD 1 a day (PPP),Lao People's Democratic Republic,2007,9.15,PERCENT
Poverty gap ratio at USD 1 a day (PPP),Lao People's Democratic Republic,2012,7.66,PERCENT
Poverty gap ratio at USD 1 a day (PPP),Liberia,2007,40.9,PERCENT
Poverty gap ratio at USD 1 a day (PPP),Saint Lucia,1995,7.2,PERCENT
Poverty gap ratio at USD 1 a day (PPP),Sri Lanka,1990,2.71,PERCENT
Poverty gap ratio at USD 1 a day (PPP),Sri Lanka,1995,2.96,PERCENT
Poverty gap ratio at USD 1 a day (PPP),Sri Lanka,2002,2.64,PERCENT
Poverty gap ratio at USD 1 a day (PPP),Sri Lanka,2006,0.98,PERCENT
Poverty gap ratio at USD 1 a day (PPP),Sri Lanka,2009,0.65,PERCENT
Poverty gap ratio at USD 1 a day (PPP),Lesotho,1993,39.31,PERCENT
Poverty gap ratio at USD 1 a day (PPP),Lesotho,1994,32.99,PERCENT
Poverty gap ratio at USD 1 a day (PPP),Lesotho,2002,28.01,PERCENT
Poverty gap ratio at USD 1 a day (PPP),Lesotho,2010,29.17,PERCENT
Poverty gap ratio at USD 1 a day (PPP),Lithuania,1993,0.12,PERCENT
Poverty gap ratio at USD 1 a day (PPP),Lithuania,1996,0.0,PERCENT
Poverty gap ratio at USD 1 a day (PPP),Lithuania,1998,0.03,PERCENT
Poverty gap ratio at USD 1 a day (PPP),Lithuania,2000,0.01,PERCENT
Poverty gap ratio at USD 1 a day (PPP),Lithuania,2001,0.07,PERCENT
Poverty gap ratio at USD 1 a day (PPP),Lithuania,2002,0.02,PERCENT
Poverty gap ratio at USD 1 a day (PPP),Lithuania,2003,0.01,PERCENT
Poverty gap ratio at USD 1 a day (PPP),Lithuania,2004,0.01,PERCENT
Poverty gap ratio at USD 1 a day (PPP),Lithuania,2005,0.85,PERCENT
Poverty gap ratio at USD 1 a day (PPP),Lithuania,2006,0.61,PERCENT
Poverty gap ratio at USD 1 a day (PPP),Lithuania,2008,0.02,PERCENT
Poverty gap ratio at USD 1 a day (PPP),Lithuania,2010,1.26,PERCENT
Poverty gap ratio at USD 1 a day (PPP),Lithuania,2011,0.81,PERCENT
Poverty gap ratio at USD 1 a day (PPP),Latvia,1993,0.0,PERCENT
Poverty gap ratio at USD 1 a day (PPP),Latvia,1995,0.0,PERCENT
Poverty gap ratio at USD 1 a day (PPP),Latvia,1996,0.02,PERCENT
Poverty gap ratio at USD 1 a day (PPP),Latvia,1997,0.04,PERCENT
Poverty gap ratio at USD 1 a day (PPP),Latvia,1998,0.0,PERCENT
Poverty gap ratio at USD 1 a day (PPP),Latvia,2002,0.14,PERCENT
Poverty gap ratio at USD 1 a day (PPP),Latvia,2004,0.02,PERCENT
Poverty gap ratio at USD 1 a day (PPP),Latvia,2006,0.76,PERCENT
Poverty gap ratio at USD 1 a day (PPP),Latvia,2008,0.0,PERCENT
Poverty gap ratio at USD 1 a day (PPP),Latvia,2010,1.28,PERCENT
Poverty gap ratio at USD 1 a day (PPP),Latvia,2011,0.95,PERCENT
Poverty gap ratio at USD 1 a day (PPP),Morocco,1990,0.35,PERCENT
Poverty gap ratio at USD 1 a day (PPP),Morocco,1998,1.15,PERCENT
Poverty gap ratio at USD 1 a day (PPP),Morocco,2001,0.94,PERCENT
Poverty gap ratio at USD 1 a day (PPP),Morocco,2007,0.55,PERCENT
Poverty gap ratio at USD 1 a day (PPP),Republic of Moldova,1992,2.89,PERCENT
Poverty gap ratio at USD 1 a day (PPP),Republic of Moldova,1997,4.36,PERCENT
Poverty gap ratio at USD 1 a day (PPP),Republic of Moldova,1998,8.11,PERCENT
Poverty gap ratio at USD 1 a day (PPP),Republic of Moldova,1999,11.47,PERCENT
Poverty gap ratio at USD 1 a day (PPP),Republic of Moldova,2001,7.1,PERCENT
Poverty gap ratio at USD 1 a day (PPP),Republic of Moldova,2002,3.31,PERCENT
Poverty gap ratio at USD 1 a day (PPP),Republic of Moldova,2003,1.09,PERCENT
Poverty gap ratio at USD 1 a day (PPP),Republic of Moldova,2004,1.45,PERCENT
Poverty gap ratio at USD 1 a day (PPP),Republic of Moldova,2005,2.91,PERCENT
Poverty gap ratio at USD 1 a day (PPP),Republic of Moldova,2006,0.52,PERCENT
Poverty gap ratio at USD 1 a day (PPP),Republic of Moldova,2007,0.24,PERCENT
Poverty gap ratio at USD 1 a day (PPP),Republic of Moldova,2008,0.21,PERCENT
Poverty gap ratio at USD 1 a day (PPP),Republic of Moldova,2009,0.11,PERCENT
Poverty gap ratio at USD 1 a day (PPP),Republic of Moldova,2010,0.09,PERCENT
Poverty gap ratio at USD 1 a day (PPP),Republic of Moldova,2011,0.03,PERCENT
Poverty gap ratio at USD 1 a day (PPP),Madagascar,1993,30.59,PERCENT
Poverty gap ratio at USD 1 a day (PPP),Madagascar,1997,32.8,PERCENT
Poverty gap ratio at USD 1 a day (PPP),Madagascar,1999,44.31,PERCENT
Poverty gap ratio at USD 1 a day (PPP),Madagascar,2001,41.37,PERCENT
Poverty gap ratio at USD 1 a day (PPP),Madagascar,2005,40.37,PERCENT
Poverty gap ratio at USD 1 a day (PPP),Madagascar,2010,48.55,PERCENT
Poverty gap ratio at USD 1 a day (PPP),Maldives,1998,13.09,PERCENT
Poverty gap ratio at USD 1 a day (PPP),Maldives,2004,0.14,PERCENT
Poverty gap ratio at USD 1 a day (PPP),Mexico,1992,0.79,PERCENT
Poverty gap ratio at USD 1 a day (PPP),Mexico,1994,0.47,PERCENT
Poverty gap ratio at USD 1 a day (PPP),Mexico,1996,1.88,PERCENT
Poverty gap ratio at USD 1 a day (PPP),Mexico,1998,2.22,PERCENT
Poverty gap ratio at USD 1 a day (PPP),Mexico,2000,1.47,PERCENT
Poverty gap ratio at USD 1 a day (PPP),Mexico,2002,0.77,PERCENT
Poverty gap ratio at USD 1 a day (PPP),Mexico,2004,0.13,PERCENT
Poverty gap ratio at USD 1 a day (PPP),Mexico,2005,2.04,PERCENT
Poverty gap ratio at USD 1 a day (PPP),Mexico,2006,0.13,PERCENT
Poverty gap ratio at USD 1 a day (PPP),Mexico,2008,0.34,PERCENT
Poverty gap ratio at USD 1 a day (PPP),Mexico,2010,0.16,PERCENT
Poverty gap ratio at USD 1 a day (PPP),Mexico,2012,0.23,PERCENT
Poverty gap ratio at USD 1 a day (PPP),The former Yugoslav Republic of Macedonia,1998,0.0,PERCENT
Poverty gap ratio at USD 1 a day (PPP),The former Yugoslav Republic of Macedonia,2000,0.89,PERCENT
Poverty gap ratio at USD 1 a day (PPP),The former Yugoslav Republic of Macedonia,2002,0.15,PERCENT
Poverty gap ratio at USD 1 a day (PPP),The former Yugoslav Republic of Macedonia,2003,0.12,PERCENT
Poverty gap ratio at USD 1 a day (PPP),The former Yugoslav Republic of Macedonia,2004,0.14,PERCENT
Poverty gap ratio at USD 1 a day (PPP),The former Yugoslav Republic of Macedonia,2005,0.04,PERCENT
Poverty gap ratio at USD 1 a day (PPP),The former Yugoslav Republic of Macedonia,2006,0.23,PERCENT
Poverty gap ratio at USD 1 a day (PPP),The former Yugoslav Republic of Macedonia,2008,0.04,PERCENT
Poverty gap ratio at USD 1 a day (PPP),Mali,1994,53.04,PERCENT
Poverty gap ratio at USD 1 a day (PPP),Mali,2001,25.78,PERCENT
Poverty gap ratio at USD 1 a day (PPP),Mali,2006,18.79,PERCENT
Poverty gap ratio at USD 1 a day (PPP),Mali,2010,16.45,PERCENT
Poverty gap ratio at USD 1 a day (PPP),Montenegro,2005,0.06,PERCENT
Poverty gap ratio at USD 1 a day (PPP),Montenegro,2006,0.0,PERCENT
Poverty gap ratio at USD 1 a day (PPP),Montenegro,2007,0.02,PERCENT
Poverty gap ratio at USD 1 a day (PPP),Montenegro,2008,0.04,PERCENT
Poverty gap ratio at USD 1 a day (PPP),Montenegro,2009,0.0,PERCENT
Poverty gap ratio at USD 1 a day (PPP),Montenegro,2010,0.0,PERCENT
Poverty gap ratio at USD 1 a day (PPP),Montenegro,2011,0.08,PERCENT
Poverty gap ratio at USD 1 a day (PPP),Mozambique,1996,41.16,PERCENT
Poverty gap ratio at USD 1 a day (PPP),Mozambique,2002,35.4,PERCENT
Poverty gap ratio at USD 1 a day (PPP),Mozambique,2009,25.84,PERCENT
Poverty gap ratio at USD 1 a day (PPP),Mauritania,1993,14.44,PERCENT
Poverty gap ratio at USD 1 a day (PPP),Mauritania,1995,7.06,PERCENT
Poverty gap ratio at USD 1 a day (PPP),Mauritania,2000,5.66,PERCENT
Poverty gap ratio at USD 1 a day (PPP),Mauritania,2004,6.95,PERCENT
Poverty gap ratio at USD 1 a day (PPP),Mauritania,2008,6.79,PERCENT
Poverty gap ratio at USD 1 a day (PPP),Mauritius,2006,0.07,PERCENT
Poverty gap ratio at USD 1 a day (PPP),Mauritius,2012,0.18,PERCENT
Poverty gap ratio at USD 1 a day (PPP),Malawi,1997,46.15,PERCENT
Poverty gap ratio at USD 1 a day (PPP),Malawi,2004,33.18,PERCENT
Poverty gap ratio at USD 1 a day (PPP),Malawi,2010,34.25,PERCENT
Poverty gap ratio at USD 1 a day (PPP),Malaysia,1992,0.14,PERCENT
Poverty gap ratio at USD 1 a day (PPP),Malaysia,1995,0.26,PERCENT
Poverty gap ratio at USD 1 a day (PPP),Malaysia,1997,0.05,PERCENT
Poverty gap ratio at USD 1 a day (PPP),Malaysia,2004,0.06,PERCENT
Poverty gap ratio at USD 1 a day (PPP),Malaysia,2007,0.0,PERCENT
Poverty gap ratio at USD 1 a day (PPP),Malaysia,2009,0.0,PERCENT
Poverty gap ratio at USD 1 a day (PPP),Namibia,1993,24.59,PERCENT
Poverty gap ratio at USD 1 a day (PPP),Namibia,2004,9.45,PERCENT
Poverty gap ratio at USD 1 a day (PPP),Namibia,2009,5.74,PERCENT
Poverty gap ratio at USD 1 a day (PPP),Niger,1992,29.66,PERCENT
Poverty gap ratio at USD 1 a day (PPP),Niger,1994,38.57,PERCENT
Poverty gap ratio at USD 1 a day (PPP),Niger,2005,20.49,PERCENT
Poverty gap ratio at USD 1 a day (PPP),Niger,2007,11.75,PERCENT
Poverty gap ratio at USD 1 a day (PPP),Niger,2011,10.42,PERCENT
Poverty gap ratio at USD 1 a day (PPP),Nigeria,1992,31.12,PERCENT
Poverty gap ratio at USD 1 a day (PPP),Nigeria,1996,32.16,PERCENT
Poverty gap ratio at USD 1 a day (PPP),Nigeria,2004,26.89,PERCENT
Poverty gap ratio at USD 1 a day (PPP),Nigeria,2010,27.46,PERCENT
Poverty gap ratio at USD 1 a day (PPP),Nicaragua,1993,16.33,PERCENT
Poverty gap ratio at USD 1 a day (PPP),Nicaragua,1998,3.14,PERCENT
Poverty gap ratio at USD 1 a day (PPP),Nicaragua,2001,3.65,PERCENT
Poverty gap ratio at USD 1 a day (PPP),Nicaragua,2005,0.35,PERCENT
Poverty gap ratio at USD 1 a day (PPP),Nicaragua,2009,2.93,PERCENT
Poverty gap ratio at USD 1 a day (PPP),Nepal,1995,25.56,PERCENT
Poverty gap ratio at USD 1 a day (PPP),Nepal,2003,18.39,PERCENT
Poverty gap ratio at USD 1 a day (PPP),Nepal,2010,5.21,PERCENT
Poverty gap ratio at USD 1 a day (PPP),Pakistan,1990,23.23,PERCENT
Poverty gap ratio at USD 1 a day (PPP),Pakistan,1996,11.7,PERCENT
Poverty gap ratio at USD 1 a day (PPP),Pakistan,1998,6.28,PERCENT
Poverty gap ratio at USD 1 a day (PPP),Pakistan,2001,7.92,PERCENT
Poverty gap ratio at USD 1 a day (PPP),Pakistan,2004,4.35,PERCENT
Poverty gap ratio at USD 1 a day (PPP),Pakistan,2005,4.06,PERCENT
Poverty gap ratio at USD 1 a day (PPP),Pakistan,2007,2.63,PERCENT
Poverty gap ratio at USD 1 a day (PPP),Pakistan,2010,1.94,PERCENT
Poverty gap ratio at USD 1 a day (PPP),Panama,1991,13.51,PERCENT
Poverty gap ratio at USD 1 a day (PPP),Panama,1995,10.74,PERCENT
Poverty gap ratio at USD 1 a day (PPP),Panama,1997,8.9,PERCENT
Poverty gap ratio at USD 1 a day (PPP),Panama,1998,9.63,PERCENT
Poverty gap ratio at USD 1 a day (PPP),Panama,1999,8.2,PERCENT
Poverty gap ratio at USD 1 a day (PPP),Panama,2000,9.07,PERCENT
Poverty gap ratio at USD 1 a day (PPP),Panama,2002,4.5,PERCENT
Poverty gap ratio at USD 1 a day (PPP),Panama,2003,4.48,PERCENT
Poverty gap ratio at USD 1 a day (PPP),Panama,2004,3.92,PERCENT
Poverty gap ratio at USD 1 a day (PPP),Panama,2005,3.68,PERCENT
Poverty gap ratio at USD 1 a day (PPP),Panama,2006,4.33,PERCENT
Poverty gap ratio at USD 1 a day (PPP),Panama,2007,2.52,PERCENT
Poverty gap ratio at USD 1 a day (PPP),Panama,2008,1.31,PERCENT
Poverty gap ratio at USD 1 a day (PPP),Panama,2009,0.8,PERCENT
Poverty gap ratio at USD 1 a day (PPP),Panama,2010,1.14,PERCENT
Poverty gap ratio at USD 1 a day (PPP),Panama,2011,1.14,PERCENT
Poverty gap ratio at USD 1 a day (PPP),Panama,2012,1.28,PERCENT
Poverty gap ratio at USD 1 a day (PPP),Peru,1994,2.14,PERCENT
Poverty gap ratio at USD 1 a day (PPP),Peru,1997,0.15,PERCENT
Poverty gap ratio at USD 1 a day (PPP),Peru,1998,5.75,PERCENT
Poverty gap ratio at USD 1 a day (PPP),Peru,1999,6.18,PERCENT
Poverty gap ratio at USD 1 a day (PPP),Peru,2000,4.6,PERCENT
Poverty gap ratio at USD 1 a day (PPP),Peru,2001,4.87,PERCENT
Poverty gap ratio at USD 1 a day (PPP),Peru,2002,4.13,PERCENT
Poverty gap ratio at USD 1 a day (PPP),Peru,2003,2.77,PERCENT
Poverty gap ratio at USD 1 a day (PPP),Peru,2004,1.89,PERCENT
Poverty gap ratio at USD 1 a day (PPP),Peru,2005,2.32,PERCENT
Poverty gap ratio at USD 1 a day (PPP),Peru,2006,1.82,PERCENT
Poverty gap ratio at USD 1 a day (PPP),Peru,2007,1.85,PERCENT
Poverty gap ratio at USD 1 a day (PPP),Peru,2008,1.35,PERCENT
Poverty gap ratio at USD 1 a day (PPP),Peru,2009,1.0,PERCENT
Poverty gap ratio at USD 1 a day (PPP),Peru,2010,0.73,PERCENT
Poverty gap ratio at USD 1 a day (PPP),Peru,2011,0.77,PERCENT
Poverty gap ratio at USD 1 a day (PPP),Peru,2012,0.78,PERCENT
Poverty gap ratio at USD 1 a day (PPP),Philippines,1991,9.68,PERCENT
Poverty gap ratio at USD 1 a day (PPP),Philippines,1994,8.64,PERCENT
Poverty gap ratio at USD 1 a day (PPP),Philippines,1997,6.08,PERCENT
Poverty gap ratio at USD 1 a day (PPP),Philippines,2000,6.34,PERCENT
Poverty gap ratio at USD 1 a day (PPP),Philippines,2003,5.88,PERCENT
Poverty gap ratio at USD 1 a day (PPP),Philippines,2006,5.47,PERCENT
Poverty gap ratio at USD 1 a day (PPP),Philippines,2009,3.62,PERCENT
Poverty gap ratio at USD 1 a day (PPP),Philippines,2012,4.02,PERCENT
Poverty gap ratio at USD 1 a day (PPP),Papua New Guinea,1996,12.28,PERCENT
Poverty gap ratio at USD 1 a day (PPP),Poland,1992,0.01,PERCENT
Poverty gap ratio at USD 1 a day (PPP),Poland,1996,0.29,PERCENT
Poverty gap ratio at USD 1 a day (PPP),Poland,1998,0.0,PERCENT
Poverty gap ratio at USD 1 a day (PPP),Poland,1999,0.0,PERCENT
Poverty gap ratio at USD 1 a day (PPP),Poland,2000,0.01,PERCENT
Poverty gap ratio at USD 1 a day (PPP),Poland,2001,0.01,PERCENT
Poverty gap ratio at USD 1 a day (PPP),Poland,2002,0.0,PERCENT
Poverty gap ratio at USD 1 a day (PPP),Poland,2004,0.01,PERCENT
Poverty gap ratio at USD 1 a day (PPP),Poland,2005,0.01,PERCENT
Poverty gap ratio at USD 1 a day (PPP),Poland,2006,0.0,PERCENT
Poverty gap ratio at USD 1 a day (PPP),Poland,2007,0.0,PERCENT
Poverty gap ratio at USD 1 a day (PPP),Poland,2008,0.0,PERCENT
Poverty gap ratio at USD 1 a day (PPP),Poland,2009,0.0,PERCENT
Poverty gap ratio at USD 1 a day (PPP),Poland,2010,0.0,PERCENT
Poverty gap ratio at USD 1 a day (PPP),Poland,2011,0.0,PERCENT
Poverty gap ratio at USD 1 a day (PPP),Paraguay,1990,0.27,PERCENT
Poverty gap ratio at USD 1 a day (PPP),Paraguay,1995,4.74,PERCENT
Poverty gap ratio at USD 1 a day (PPP),Paraguay,1997,4.09,PERCENT
Poverty gap ratio at USD 1 a day (PPP),Paraguay,1999,3.63,PERCENT
Poverty gap ratio at USD 1 a day (PPP),Paraguay,2001,3.22,PERCENT
Poverty gap ratio at USD 1 a day (PPP),Paraguay,2002,4.83,PERCENT
Poverty gap ratio at USD 1 a day (PPP),Paraguay,2003,2.77,PERCENT
Poverty gap ratio at USD 1 a day (PPP),Paraguay,2004,1.84,PERCENT
Poverty gap ratio at USD 1 a day (PPP),Paraguay,2005,2.21,PERCENT
Poverty gap ratio at USD 1 a day (PPP),Paraguay,2006,2.83,PERCENT
Poverty gap ratio at USD 1 a day (PPP),Paraguay,2007,2.5,PERCENT
Poverty gap ratio at USD 1 a day (PPP),Paraguay,2008,1.39,PERCENT
Poverty gap ratio at USD 1 a day (PPP),Paraguay,2009,1.91,PERCENT
Poverty gap ratio at USD 1 a day (PPP),Paraguay,2010,1.82,PERCENT
Poverty gap ratio at USD 1 a day (PPP),Paraguay,2011,1.7,PERCENT
Poverty gap ratio at USD 1 a day (PPP),Paraguay,2012,0.96,PERCENT
Poverty gap ratio at USD 1 a day (PPP),State of Palestine,2004,0.08,PERCENT
Poverty gap ratio at USD 1 a day (PPP),State of Palestine,2007,0.14,PERCENT
Poverty gap ratio at USD 1 a day (PPP),State of Palestine,2009,0.01,PERCENT
Poverty gap ratio at USD 1 a day (PPP),Romania,1992,0.25,PERCENT
Poverty gap ratio at USD 1 a day (PPP),Romania,1994,1.2,PERCENT
Poverty gap ratio at USD 1 a day (PPP),Romania,1998,0.46,PERCENT
Poverty gap ratio at USD 1 a day (PPP),Romania,1999,0.56,PERCENT
Poverty gap ratio at USD 1 a day (PPP),Romania,2001,0.45,PERCENT
Poverty gap ratio at USD 1 a day (PPP),Romania,2002,0.54,PERCENT
Poverty gap ratio at USD 1 a day (PPP),Romania,2003,0.3,PERCENT
Poverty gap ratio at USD 1 a day (PPP),Romania,2004,0.0,PERCENT
Poverty gap ratio at USD 1 a day (PPP),Romania,2005,0.0,PERCENT
Poverty gap ratio at USD 1 a day (PPP),Romania,2006,0.0,PERCENT
Poverty gap ratio at USD 1 a day (PPP),Romania,2007,0.0,PERCENT
Poverty gap ratio at USD 1 a day (PPP),Romania,2008,0.0,PERCENT
Poverty gap ratio at USD 1 a day (PPP),Romania,2009,0.0,PERCENT
Poverty gap ratio at USD 1 a day (PPP),Romania,2010,0.0,PERCENT
Poverty gap ratio at USD 1 a day (PPP),Romania,2011,0.0,PERCENT
Poverty gap ratio at USD 1 a day (PPP),Romania,2012,0.0,PERCENT
Poverty gap ratio at USD 1 a day (PPP),Russian Federation,1993,0.1,PERCENT
Poverty gap ratio at USD 1 a day (PPP),Russian Federation,1996,0.4,PERCENT
Poverty gap ratio at USD 1 a day (PPP),Russian Federation,1999,0.65,PERCENT
Poverty gap ratio at USD 1 a day (PPP),Russian Federation,2001,0.19,PERCENT
Poverty gap ratio at USD 1 a day (PPP),Russian Federation,2002,0.11,PERCENT
Poverty gap ratio at USD 1 a day (PPP),Russian Federation,2003,0.07,PERCENT
Poverty gap ratio at USD 1 a day (PPP),Russian Federation,2004,0.18,PERCENT
Poverty gap ratio at USD 1 a day (PPP),Russian Federation,2005,0.04,PERCENT
Poverty gap ratio at USD 1 a day (PPP),Russian Federation,2006,0.04,PERCENT
Poverty gap ratio at USD 1 a day (PPP),Russian Federation,2007,0.02,PERCENT
Poverty gap ratio at USD 1 a day (PPP),Russian Federation,2008,0.0,PERCENT
Poverty gap ratio at USD 1 a day (PPP),Russian Federation,2009,0.01,PERCENT
Poverty gap ratio at USD 1 a day (PPP),Rwanda,2000,41.78,PERCENT
Poverty gap ratio at USD 1 a day (PPP),Rwanda,2006,34.71,PERCENT
Poverty gap ratio at USD 1 a day (PPP),Rwanda,2011,26.53,PERCENT
Poverty gap ratio at USD 1 a day (PPP),Senegal,1991,34.24,PERCENT
Poverty gap ratio at USD 1 a day (PPP),Senegal,1994,19.12,PERCENT
Poverty gap ratio at USD 1 a day (PPP),Senegal,2001,14.31,PERCENT
Poverty gap ratio at USD 1 a day (PPP),Senegal,2005,10.8,PERCENT
Poverty gap ratio at USD 1 a day (PPP),Senegal,2011,11.08,PERCENT
Poverty gap ratio at USD 1 a day (PPP),Sierra Leone,2003,22.71,PERCENT
Poverty gap ratio at USD 1 a day (PPP),Sierra Leone,2011,19.24,PERCENT
Poverty gap ratio at USD 1 a day (PPP),El Salvador,1991,8.8,PERCENT
Poverty gap ratio at USD 1 a day (PPP),El Salvador,1995,4.33,PERCENT
Poverty gap ratio at USD 1 a day (PPP),El Salvador,1996,4.71,PERCENT
Poverty gap ratio at USD 1 a day (PPP),El Salvador,1998,9.84,PERCENT
Poverty gap ratio at USD 1 a day (PPP),El Salvador,1999,7.82,PERCENT
Poverty gap ratio at USD 1 a day (PPP),El Salvador,2000,7.73,PERCENT
Poverty gap ratio at USD 1 a day (PPP),El Salvador,2001,8.34,PERCENT
Poverty gap ratio at USD 1 a day (PPP),El Salvador,2002,8.15,PERCENT
Poverty gap ratio at USD 1 a day (PPP),El Salvador,2003,7.41,PERCENT
Poverty gap ratio at USD 1 a day (PPP),El Salvador,2004,3.36,PERCENT
Poverty gap ratio at USD 1 a day (PPP),El Salvador,2005,2.61,PERCENT
Poverty gap ratio at USD 1 a day (PPP),El Salvador,2006,1.11,PERCENT
Poverty gap ratio at USD 1 a day (PPP),El Salvador,2007,0.64,PERCENT
Poverty gap ratio at USD 1 a day (PPP),El Salvador,2008,1.3,PERCENT
Poverty gap ratio at USD 1 a day (PPP),El Salvador,2009,1.06,PERCENT
Poverty gap ratio at USD 1 a day (PPP),El Salvador,2010,1.64,PERCENT
Poverty gap ratio at USD 1 a day (PPP),El Salvador,2011,0.59,PERCENT
Poverty gap ratio at USD 1 a day (PPP),El Salvador,2012,0.56,PERCENT
Poverty gap ratio at USD 1 a day (PPP),Serbia,2002,0.18,PERCENT
Poverty gap ratio at USD 1 a day (PPP),Serbia,2003,0.09,PERCENT
Poverty gap ratio at USD 1 a day (PPP),Serbia,2004,0.12,PERCENT
Poverty gap ratio at USD 1 a day (PPP),Serbia,2005,0.17,PERCENT
Poverty gap ratio at USD 1 a day (PPP),Serbia,2006,0.04,PERCENT
Poverty gap ratio at USD 1 a day (PPP),Serbia,2007,0.04,PERCENT
Poverty gap ratio at USD 1 a day (PPP),Serbia,2008,0.02,PERCENT
Poverty gap ratio at USD 1 a day (PPP),Serbia,2009,0.0,PERCENT
Poverty gap ratio at USD 1 a day (PPP),Serbia,2010,0.0,PERCENT
Poverty gap ratio at USD 1 a day (PPP),Sao Tome and Principe,2000,7.87,PERCENT
Poverty gap ratio at USD 1 a day (PPP),Sao Tome and Principe,2010,13.94,PERCENT
Poverty gap ratio at USD 1 a day (PPP),Suriname,1999,5.9,PERCENT
Poverty gap ratio at USD 1 a day (PPP),Slovakia,1992,0.0,PERCENT
Poverty gap ratio at USD 1 a day (PPP),Slovakia,1996,0.01,PERCENT
Poverty gap ratio at USD 1 a day (PPP),Slovakia,2004,0.14,PERCENT
Poverty gap ratio at USD 1 a day (PPP),Slovakia,2005,0.0,PERCENT
Poverty gap ratio at USD 1 a day (PPP),Slovakia,2006,0.0,PERCENT
Poverty gap ratio at USD 1 a day (PPP),Slovakia,2008,0.0,PERCENT
Poverty gap ratio at USD 1 a day (PPP),Slovakia,2009,0.0,PERCENT
Poverty gap ratio at USD 1 a day (PPP),Slovakia,2010,0.16,PERCENT
Poverty gap ratio at USD 1 a day (PPP),Slovakia,2011,0.19,PERCENT
Poverty gap ratio at USD 1 a day (PPP),Swaziland,1994,47.74,PERCENT
Poverty gap ratio at USD 1 a day (PPP),Swaziland,2000,14.86,PERCENT
Poverty gap ratio at USD 1 a day (PPP),Swaziland,2009,15.22,PERCENT
Poverty gap ratio at USD 1 a day (PPP),Seychelles,1999,0.0,PERCENT
Poverty gap ratio at USD 1 a day (PPP),Seychelles,2006,0.07,PERCENT
Poverty gap ratio at USD 1 a day (PPP),Syrian Arab Republic,2004,0.2,PERCENT
Poverty gap ratio at USD 1 a day (PPP),Chad,2002,25.64,PERCENT
Poverty gap ratio at USD 1 a day (PPP),Chad,2011,14.18,PERCENT
Poverty gap ratio at USD 1 a day (PPP),Togo,2006,20.33,PERCENT
Poverty gap ratio at USD 1 a day (PPP),Togo,2011,22.52,PERCENT
Poverty gap ratio at USD 1 a day (PPP),Thailand,1990,2.36,PERCENT
Poverty gap ratio at USD 1 a day (PPP),Thailand,1992,1.57,PERCENT
Poverty gap ratio at USD 1 a day (PPP),Thailand,1994,0.74,PERCENT
Poverty gap ratio at USD 1 a day (PPP),Thailand,1996,0.48,PERCENT
Poverty gap ratio at USD 1 a day (PPP),Thailand,1998,0.33,PERCENT
Poverty gap ratio at USD 1 a day (PPP),Thailand,1999,0.55,PERCENT
Poverty gap ratio at USD 1 a day (PPP),Thailand,2000,0.5,PERCENT
Poverty gap ratio at USD 1 a day (PPP),Thailand,2002,0.29,PERCENT
Poverty gap ratio at USD 1 a day (PPP),Thailand,2006,0.18,PERCENT
Poverty gap ratio at USD 1 a day (PPP),Thailand,2008,0.04,PERCENT
Poverty gap ratio at USD 1 a day (PPP),Thailand,2010,0.04,PERCENT
Poverty gap ratio at USD 1 a day (PPP),Tajikistan,1999,15.4,PERCENT
Poverty gap ratio at USD 1 a day (PPP),Tajikistan,2003,9.97,PERCENT
Poverty gap ratio at USD 1 a day (PPP),Tajikistan,2004,4.69,PERCENT
Poverty gap ratio at USD 1 a day (PPP),Tajikistan,2007,4.36,PERCENT
Poverty gap ratio at USD 1 a day (PPP),Tajikistan,2009,1.27,PERCENT
Poverty gap ratio at USD 1 a day (PPP),Turkmenistan,1993,25.82,PERCENT
Poverty gap ratio at USD 1 a day (PPP),Turkmenistan,1998,6.97,PERCENT
Poverty gap ratio at USD 1 a day (PPP),Timor-Leste,2007,8.14,PERCENT
Poverty gap ratio at USD 1 a day (PPP),Trinidad and Tobago,1992,1.05,PERCENT
Poverty gap ratio at USD 1 a day (PPP),Tunisia,1990,1.37,PERCENT
Poverty gap ratio at USD 1 a day (PPP),Tunisia,1995,1.33,PERCENT
Poverty gap ratio at USD 1 a day (PPP),Tunisia,2000,0.46,PERCENT
Poverty gap ratio at USD 1 a day (PPP),Tunisia,2005,0.33,PERCENT
Poverty gap ratio at USD 1 a day (PPP),Tunisia,2010,0.2,PERCENT
Poverty gap ratio at USD 1 a day (PPP),Turkey,1994,0.44,PERCENT
Poverty gap ratio at USD 1 a day (PPP),Turkey,2002,0.11,PERCENT
Poverty gap ratio at USD 1 a day (PPP),Turkey,2003,0.52,PERCENT
Poverty gap ratio at USD 1 a day (PPP),Turkey,2004,0.16,PERCENT
Poverty gap ratio at USD 1 a day (PPP),Turkey,2005,0.19,PERCENT
Poverty gap ratio at USD 1 a day (PPP),Turkey,2006,0.19,PERCENT
Poverty gap ratio at USD 1 a day (PPP),Turkey,2007,0.08,PERCENT
Poverty gap ratio at USD 1 a day (PPP),Turkey,2008,0.0,PERCENT
Poverty gap ratio at USD 1 a day (PPP),Turkey,2009,0.02,PERCENT
Poverty gap ratio at USD 1 a day (PPP),Turkey,2010,0.05,PERCENT
Poverty gap ratio at USD 1 a day (PPP),Turkey,2011,0.0,PERCENT
Poverty gap ratio at USD 1 a day (PPP),United Republic of Tanzania,1992,29.24,PERCENT
Poverty gap ratio at USD 1 a day (PPP),United Republic of Tanzania,2000,41.23,PERCENT
Poverty gap ratio at USD 1 a day (PPP),United Republic of Tanzania,2007,28.1,PERCENT
Poverty gap ratio at USD 1 a day (PPP),United Republic of Tanzania,2012,12.98,PERCENT
Poverty gap ratio at USD 1 a day (PPP),Uganda,1992,31.77,PERCENT
Poverty gap ratio at USD 1 a day (PPP),Uganda,1996,23.9,PERCENT
Poverty gap ratio at USD 1 a day (PPP),Uganda,1999,23.85,PERCENT
Poverty gap ratio at USD 1 a day (PPP),Uganda,2002,22.17,PERCENT
Poverty gap ratio at USD 1 a day (PPP),Uganda,2005,19.22,PERCENT
Poverty gap ratio at USD 1 a day (PPP),Uganda,2009,12.17,PERCENT
Poverty gap ratio at USD 1 a day (PPP),Uganda,2012,11.96,PERCENT
Poverty gap ratio at USD 1 a day (PPP),Ukraine,1992,0.01,PERCENT
Poverty gap ratio at USD 1 a day (PPP),Ukraine,1995,0.62,PERCENT
Poverty gap ratio at USD 1 a day (PPP),Ukraine,1996,0.63,PERCENT
Poverty gap ratio at USD 1 a day (PPP),Ukraine,1999,0.46,PERCENT
Poverty gap ratio at USD 1 a day (PPP),Ukraine,2002,0.07,PERCENT
Poverty gap ratio at USD 1 a day (PPP),Ukraine,2003,0.04,PERCENT
Poverty gap ratio at USD 1 a day (PPP),Ukraine,2004,0.0,PERCENT
Poverty gap ratio at USD 1 a day (PPP),Ukraine,2005,0.0,PERCENT
Poverty gap ratio at USD 1 a day (PPP),Ukraine,2006,0.07,PERCENT
Poverty gap ratio at USD 1 a day (PPP),Ukraine,2007,0.03,PERCENT
Poverty gap ratio at USD 1 a day (PPP),Ukraine,2008,0.0,PERCENT
Poverty gap ratio at USD 1 a day (PPP),Ukraine,2009,0.04,PERCENT
Poverty gap ratio at USD 1 a day (PPP),Ukraine,2010,0.0,PERCENT
Poverty gap ratio at USD 1 a day (PPP),Uruguay,1992,0.24,PERCENT
Poverty gap ratio at USD 1 a day (PPP),Uruguay,1995,0.17,PERCENT
Poverty gap ratio at USD 1 a day (PPP),Uruguay,1996,0.23,PERCENT
Poverty gap ratio at USD 1 a day (PPP),Uruguay,1997,0.2,PERCENT
Poverty gap ratio at USD 1 a day (PPP),Uruguay,1998,0.22,PERCENT
Poverty gap ratio at USD 1 a day (PPP),Uruguay,2000,0.15,PERCENT
Poverty gap ratio at USD 1 a day (PPP),Uruguay,2001,0.15,PERCENT
Poverty gap ratio at USD 1 a day (PPP),Uruguay,2002,0.16,PERCENT
Poverty gap ratio at USD 1 a day (PPP),Uruguay,2003,0.25,PERCENT
Poverty gap ratio at USD 1 a day (PPP),Uruguay,2004,0.27,PERCENT
Poverty gap ratio at USD 1 a day (PPP),Uruguay,2005,0.26,PERCENT
Poverty gap ratio at USD 1 a day (PPP),Uruguay,2006,0.18,PERCENT
Poverty gap ratio at USD 1 a day (PPP),Uruguay,2007,0.09,PERCENT
Poverty gap ratio at USD 1 a day (PPP),Uruguay,2008,0.05,PERCENT
Poverty gap ratio at USD 1 a day (PPP),Uruguay,2009,0.07,PERCENT
Poverty gap ratio at USD 1 a day (PPP),Uruguay,2010,0.07,PERCENT
Poverty gap ratio at USD 1 a day (PPP),Uruguay,2011,0.08,PERCENT
Poverty gap ratio at USD 1 a day (PPP),Uruguay,2012,0.09,PERCENT
Poverty gap ratio at USD 1 a day (PPP),Venezuela (Bolivarian Republic of),1992,2.43,PERCENT
Poverty gap ratio at USD 1 a day (PPP),Venezuela (Bolivarian Republic of),1995,3.95,PERCENT
Poverty gap ratio at USD 1 a day (PPP),Venezuela (Bolivarian Republic of),1998,5.04,PERCENT
Poverty gap ratio at USD 1 a day (PPP),Venezuela (Bolivarian Republic of),1999,5.14,PERCENT
Poverty gap ratio at USD 1 a day (PPP),Venezuela (Bolivarian Republic of),2001,4.41,PERCENT
Poverty gap ratio at USD 1 a day (PPP),Venezuela (Bolivarian Republic of),2002,7.71,PERCENT
Poverty gap ratio at USD 1 a day (PPP),Venezuela (Bolivarian Republic of),2003,9.36,PERCENT
Poverty gap ratio at USD 1 a day (PPP),Venezuela (Bolivarian Republic of),2004,8.21,PERCENT
Poverty gap ratio at USD 1 a day (PPP),Venezuela (Bolivarian Republic of),2005,7.96,PERCENT
Poverty gap ratio at USD 1 a day (PPP),Venezuela (Bolivarian Republic of),2006,3.74,PERCENT
Poverty gap ratio at USD 1 a day (PPP),Viet Nam,1993,23.58,PERCENT
Poverty gap ratio at USD 1 a day (PPP),Viet Nam,1998,14.9,PERCENT
Poverty gap ratio at USD 1 a day (PPP),Viet Nam,2002,11.21,PERCENT
Poverty gap ratio at USD 1 a day (PPP),Viet Nam,2004,8.44,PERCENT
Poverty gap ratio at USD 1 a day (PPP),Viet Nam,2006,5.3,PERCENT
Poverty gap ratio at USD 1 a day (PPP),Viet Nam,2008,3.74,PERCENT
Poverty gap ratio at USD 1 a day (PPP),Viet Nam,2010,0.84,PERCENT
Poverty gap ratio at USD 1 a day (PPP),Viet Nam,2012,0.55,PERCENT
Poverty gap ratio at USD 1 a day (PPP),Yemen,1998,2.37,PERCENT
Poverty gap ratio at USD 1 a day (PPP),Yemen,2005,1.87,PERCENT
Poverty gap ratio at USD 1 a day (PPP),South Africa,1993,6.92,PERCENT
Poverty gap ratio at USD 1 a day (PPP),South Africa,1995,5.22,PERCENT
Poverty gap ratio at USD 1 a day (PPP),South Africa,2000,8.18,PERCENT
Poverty gap ratio at USD 1 a day (PPP),South Africa,2006,3.06,PERCENT
Poverty gap ratio at USD 1 a day (PPP),South Africa,2009,2.27,PERCENT
Poverty gap ratio at USD 1 a day (PPP),South Africa,2011,1.19,PERCENT
Poverty gap ratio at USD 1 a day (PPP),Zambia,1991,39.96,PERCENT
Poverty gap ratio at USD 1 a day (PPP),Zambia,1993,35.56,PERCENT
Poverty gap ratio at USD 1 a day (PPP),Zambia,1996,29.49,PERCENT
Poverty gap ratio at USD 1 a day (PPP),Zambia,1998,26.94,PERCENT
Poverty gap ratio at USD 1 a day (PPP),Zambia,2003,27.13,PERCENT
Poverty gap ratio at USD 1 a day (PPP),Zambia,2004,32.76,PERCENT
Poverty gap ratio at USD 1 a day (PPP),Zambia,2006,37.02,PERCENT
Poverty gap ratio at USD 1 a day (PPP),Zambia,2010,41.78,PERCENT
